1993-10-02,LB,9116,317363,5501,,,,,SBD,"Pharmacist, community",-19243.9,Record general other when.,Alone court figure role level.,Off return present defense thank.,,Sell difference forget decade food off.
1994-12-13,PA,9116,GA0232,5571,NYA,,,,COP,Pathologist,5802.33,,,Special four either.,,
2015-03-22,SD,9116,GA0232,5571,NYA,HEALTH,,Peace us protect leg spring building man teach.,ISK,Bonds trader,4744.2,Address car my suddenly training.,,Know once possible.,,Development together everyone ability good.
2017-03-27,SY,82602992,317363,70050,NG01,,,,XCD,Arts development officer,7664.16,Left determine what let.,,This north police who forward.,Successful per theory join size think development.,
1995-04-11,GN,82602992,91166L104,5501,,EDU,,Produce argue ago finish laugh instead account floor.,RON,Central,-5190.84,,Director wish provide recognize able.,Any throw if water difference great.,,Election ask federal baby amount.
2005-06-30,TZ,9116,91166L104,70050,23144,EDU,32606718,Natural break chance second job although.,RUB,Report because box,16907.97,Ready significant partner partner one until system.,,,Change admit financial our seven listen later.,
1975-04-10,RW,9116,GA0232,70050,,EDU,42640228,Best start loss teacher form.,STN,Different appear,10205.56,Better decide institution paper event bank happen.,Necessary effect phone early.,,It training husband service class notice.,So agent finish across will.
2005-10-20,GA,82602992,91166L104,5501,NYA,,,,CLF,Chartered accountant,-19069.99,Benefit ability pattern then also network.,Front tree tonight today would could sort.,Reduce water American sit special red.,,Item none find hospital spring.
2011-12-28,MZ,9116,GA0232,5571,,,42861085,,SEK,"Journalist, broadcasting",-10447.57,,,,White interview impact where resource apply perform.,Tv despite speak describe each.
2017-10-05,GD,GX922,GA0232,5571,,,,,BWP,Fund myself lead along,-2287.54,,All just program what.,Final than try.,,Large kitchen yard.
